Workbook

Sheet Internet
A1: Point | B1: Easting | C1: Northing | D1: WGS84_Latitude | E1: WGS84_Longitude | F1: UTM_Easting | G1: UTM_Northing | H1: UTM_Zone
A2: ARP03 | B2: 634413.74 | C2: 3064905.4 | D2: 27.695951 | E2: 85.360602 | F2: 338347.51 | G2: 3064597.1 | H2: 45N
A3: ARP01 | B3: 634027.26 | C3: 3065117.9 | D3: 27.697907 | E3: 85.356709 | F3: 337966.39 | G3: 3064818.9 | H3: 45N
A4: ARP02 | B4: 634483.18 | C4: 3065239.6 | D4: 27.69896 | E4: 85.361344 | F4: 338425.05 | G4: 3064929.5 | H4: 45N
A5: ACP4 | B5: 634785.48 | C5: 3066440.7 | D5: 27.709767 | E5: 85.364543 | F5: 338756.43 | G5: 3066122.7 | H5: 45N
A6: HAN01 | B6: 635176.7 | C6: 3066022.5 | D6: 27.705954 | E6: 85.368462 | F6: 339137.29 | G6: 3065695.1 | H6: 45N
A7: HAN02 | B7: 634921.66 | C7: 3064970.7 | D7: 27.69649 | E7: 85.365758 | F7: 338856.78 | G7: 3064650 | H7: 45N
A8: YC20 | B8: 633494.15 | C8: 3062986.7 | D8: 27.678731 | E8: 85.351068 | F8: 337381.7 | G8: 3062701.7 | H8: 45N
A9: JZ001 | B9: 633386.59 | C9: 3063734.8 | D9: 27.685492 | E9: 85.350061 | F9: 337292.38 | G9: 3063452.1 | H9: 45N
A10: AVIC2 | B10: 634338.7 | C10: 3066570.5 | D10: 27.710982 | E10: 85.360028 | F10: 338313.03 | G10: 3066263.3 | H10: 45N
A11: AVIC3 | B11: 633979.08 | C11: 3066303.8 | D11: 27.708611 | E11: 85.356353 | F11: 337947.09 | G11: 3066005.4 | H11: 45N
A12: Helipad B | B12: 634677.53 | C12: 3065346.8 | D12: 27.699908 | E12: 85.363326 | F12: 338621.91 | G12: 3065031.9 | H12: 45N

Sheet ADPi
A1: Point | B1: Easting | C1: Northing | D1: WGS84_Latitude | E1: WGS84_Longitude | F1: UTM_Easting | G1: UTM_Northing | H1: UTM_Zone
A2: ARP03 | B2: 634413.74 | C2: 3064905.4 | D2: 27.696003 | E2: 85.360592 | F2: 338346.56 | G2: 3064602.8 | H2: 45N
A3: ARP01 | B3: 634027.26 | C3: 3065117.9 | D3: 27.697958 | E3: 85.356698 | F3: 337965.44 | G3: 3064824.6 | H3: 45N
A4: ARP02 | B4: 634483.18 | C4: 3065239.6 | D4: 27.699011 | E4: 85.361333 | F4: 338424.09 | G4: 3064935.2 | H4: 45N
A5: ACP4 | B5: 634785.48 | C5: 3066440.7 | D5: 27.709818 | E5: 85.364532 | F5: 338755.48 | G5: 3066128.4 | H5: 45N
A6: HAN01 | B6: 635176.7 | C6: 3066022.5 | D6: 27.706005 | E6: 85.368451 | F6: 339136.33 | G6: 3065700.8 | H6: 45N
A7: HAN02 | B7: 634921.66 | C7: 3064970.7 | D7: 27.696541 | E7: 85.365748 | F7: 338855.82 | G7: 3064655.7 | H7: 45N
A8: YC20 | B8: 633494.15 | C8: 3062986.7 | D8: 27.678782 | E8: 85.351058 | F8: 337380.75 | G8: 3062707.5 | H8: 45N
A9: JZ001 | B9: 633386.59 | C9: 3063734.8 | D9: 27.685543 | E9: 85.35005 | F9: 337291.43 | G9: 3063457.9 | H9: 45N
A10: AVIC2 | B10: 634338.7 | C10: 3066570.5 | D10: 27.711033 | E10: 85.360018 | F10: 338312.08 | G10: 3066268.9 | H10: 45N
A11: AVIC3 | B11: 633979.08 | C11: 3066303.8 | D11: 27.708662 | E11: 85.356342 | F11: 337946.14 | G11: 3066011.1 | H11: 45N
A12: Helipad B | B12: 634677.53 | C12: 3065346.8 | D12: 27.699959 | E12: 85.363315 | F12: 338620.96 | G12: 3065037.6 | H12: 45N

Sheet Difference
A1: =Internet!A1 -> Point | B1: =Internet!B1 -> Easting | C1: =Internet!C1 -> Northing | D1: =Internet!D1 -> WGS84_Latitude | E1: =Internet!E1 -> WGS84_Longitude | F1: =Internet!F1 -> UTM_Easting | G1: =Internet!G1 -> UTM_Northing | H1: =Internet!H1 -> UTM_Zone
A2: =Internet!A2 -> ARP03 | B2: =Internet!B2-ADPi!B2 -> 0 | C2: =Internet!C2-ADPi!C2 -> 0 | D2: =Internet!D2-ADPi!D2 -> -5.1332745e-05 | E2: =Internet!E2-ADPi!E2 -> 1.0439592e-05 | F2: =Internet!F2-ADPi!F2 -> 0.95389741 | G2: =Internet!G2-ADPi!G2 -> -5.7011677
A3: =Internet!A3 -> ARP01 | B3: =Internet!B3-ADPi!B3 -> 0 | C3: =Internet!C3-ADPi!C3 -> 0 | D3: =Internet!D3-ADPi!D3 -> -5.1328062e-05 | E3: =Internet!E3-ADPi!E3 -> 1.0432932e-05 | F3: =Internet!F3-ADPi!F3 -> 0.95304548 | G3: =Internet!G3-ADPi!G3 -> -5.7006811
A4: =Internet!A4 -> ARP02 | B4: =Internet!B4-ADPi!B4 -> 0 | C4: =Internet!C4-ADPi!C4 -> 0 | D4: =Internet!D4-ADPi!D4 -> -5.1326047e-05 | E4: =Internet!E4-ADPi!E4 -> 1.0441182e-05 | F4: =Internet!F4-ADPi!F4 -> 0.9540622 | G4: =Internet!G4-ADPi!G4 -> -5.7004235
A5: =Internet!A5 -> ACP4 | B5: =Internet!B5-ADPi!B5 -> 0 | C5: =Internet!C5-ADPi!C5 -> 0 | D5: =Internet!D5-ADPi!D5 -> -5.1302024e-05 | E5: =Internet!E5-ADPi!E5 -> 1.0447836e-05 | F5: =Internet!F5-ADPi!F5 -> 0.95477171 | G5: =Internet!G5-ADPi!G5 -> -5.6977503
A6: =Internet!A6 -> HAN01 | B6: =Internet!B6-ADPi!B6 -> 0 | C6: =Internet!C6-ADPi!C6 -> 0 | D6: =Internet!D6-ADPi!D6 -> -5.1310881e-05 | E6: =Internet!E6-ADPi!E6 -> 1.0454363e-05 | F6: =Internet!F6-ADPi!F6 -> 0.9556277 | G6: =Internet!G6-ADPi!G6 -> -5.6986969
A7: =Internet!A7 -> HAN02 | B7: =Internet!B7-ADPi!B7 -> 0 | C7: =Internet!C7-ADPi!C7 -> 0 | D7: =Internet!D7-ADPi!D7 -> -5.1331925e-05 | E7: =Internet!E7-ADPi!E7 -> 1.0448708e-05 | F7: =Internet!F7-ADPi!F7 -> 0.95502787 | G7: =Internet!G7-ADPi!G7 -> -5.7010379
A8: =Internet!A8 -> YC20 | B8: =Internet!B8-ADPi!B8 -> 0 | C8: =Internet!C8-ADPi!C8 -> 0 | D8: =Internet!D8-ADPi!D8 -> -5.1370686e-05 | E8: =Internet!E8-ADPi!E8 -> 1.0421194e-05 | F8: =Internet!F8-ADPi!F8 -> 0.95179434 | G8: =Internet!G8-ADPi!G8 -> -5.7054238
A9: =Internet!A9 -> JZ001 | B9: =Internet!B9-ADPi!B9 -> 0 | C9: =Internet!C9-ADPi!C9 -> 0 | D9: =Internet!D9-ADPi!D9 -> -5.1355433e-05 | E9: =Internet!E9-ADPi!E9 -> 1.0420066e-05 | F9: =Internet!F9-ADPi!F9 -> 0.95157881 | G9: =Internet!G9-ADPi!G9 -> -5.7037497
A10: =Internet!A10 -> AVIC2 | B10: =Internet!B10-ADPi!B10 -> 0 | C10: =Internet!C10-ADPi!C10 -> 0 | D10: =Internet!D10-ADPi!D10 -> -5.1298954e-05 | E10: =Internet!E10-ADPi!E10 -> 1.0440013e-05 | F10: =Internet!F10-ADPi!F10 -> 0.95378314 | G10: =Internet!G10-ADPi!G10 -> -5.6974464
A11: =Internet!A11 -> AVIC3 | B11: =Internet!B11-ADPi!B11 -> 0 | C11: =Internet!C11-ADPi!C11 -> 0 | D11: =Internet!D11-ADPi!D11 -> -5.1304e-05 | E11: =Internet!E11-ADPi!E11 -> 1.0433324e-05 | F11: =Internet!F11-ADPi!F11 -> 0.95297573 | G11: =Internet!G11-ADPi!G11 -> -5.6980308
A12: =Internet!A12 -> Helipad B | B12: =Internet!B12-ADPi!B12 -> 0 | C12: =Internet!C12-ADPi!C12 -> 0 | D12: =Internet!D12-ADPi!D12 -> -5.1324068e-05 | E12: =Internet!E12-ADPi!E12 -> 1.0444757e-05 | F12: =Internet!F12-ADPi!F12 -> 0.95449736 | G12: =Internet!G12-ADPi!G12 -> -5.7001901
